{"cameraMode":{"drawMode":0,"name":"Shaded","section":"Shading Mode"},"sceneLighting":true,"audioPlay":false,"sceneViewState":{"showFog":true,"showMaterialUpdate":false,"showSkybox":true,"showFlares":true,"showImageEffects":true,"showParticleSystems":true},"in2DMode":false,"pivot":{"x":207.53335571289063,"y":192.2396240234375,"z":105.83853149414063},"rotation":{"x":0.05815057456493378,"y":-0.01587597094476223,"z":-0.000915032287593931,"w":-0.9981886148452759},"size":131.93490600585938,"orthographic":false}