{"cameraMode":{"drawMode":0,"name":"Shaded","section":"Shading Mode"},"sceneLighting":false,"audioPlay":false,"sceneViewState":{"showFog":true,"showMaterialUpdate":false,"showSkybox":false,"showFlares":true,"showImageEffects":true,"showParticleSystems":true},"in2DMode":false,"pivot":{"x":45.19107437133789,"y":0.13668200373649598,"z":0.0},"rotation":{"x":-0.09667957574129105,"y":0.7541785836219788,"z":-0.11396405845880509,"w":-0.639546811580658},"size":15.995342254638672,"orthographic":false}