{"cameraMode":{"drawMode":0,"name":"Shaded","section":"Shading Mode"},"sceneLighting":true,"audioPlay":false,"sceneViewState":{"showFog":true,"showMaterialUpdate":false,"showSkybox":true,"showFlares":true,"showImageEffects":true,"showParticleSystems":true},"in2DMode":false,"pivot":{"x":540.5068359375,"y":27.44115447998047,"z":-194.0560302734375},"rotation":{"x":0.00788077898323536,"y":0.9852855205535889,"z":-0.04885464534163475,"w":0.16447007656097413},"size":480.0805358886719,"orthographic":false}