{"cameraMode":{"drawMode":0,"name":"Shaded","section":"Shading Mode"},"sceneLighting":true,"audioPlay":false,"sceneViewState":{"showFog":true,"showMaterialUpdate":false,"showSkybox":true,"showFlares":true,"showImageEffects":true,"showParticleSystems":true},"in2DMode":false,"pivot":{"x":270.6380920410156,"y":151.68212890625,"z":199.85076904296876},"rotation":{"x":-0.10629887878894806,"y":-0.0015003266744315625,"z":0.00016045768279582262,"w":-0.9943363070487976},"size":288.1143798828125,"orthographic":false}