{"cameraMode":{"drawMode":0,"name":"Shaded","section":"Shading Mode"},"sceneLighting":false,"audioPlay":false,"sceneViewState":{"showFog":true,"showMaterialUpdate":false,"showSkybox":false,"showFlares":true,"showImageEffects":true,"showParticleSystems":true},"in2DMode":false,"pivot":{"x":-95.97212982177735,"y":4.678585052490234,"z":-162.26206970214845},"rotation":{"x":0.09886985272169113,"y":0.07456044852733612,"z":-0.007433530408889055,"w":0.9923042058944702},"size":11.817391395568848,"orthographic":false}