{"cameraMode":{"drawMode":0,"name":"Shaded","section":"Shading Mode"},"sceneLighting":false,"audioPlay":false,"sceneViewState":{"showFog":true,"showMaterialUpdate":false,"showSkybox":false,"showFlares":true,"showImageEffects":true,"showParticleSystems":true},"in2DMode":false,"pivot":{"x":-91.05812072753906,"y":4.678585052490234,"z":-162.2520751953125},"rotation":{"x":0.003964453935623169,"y":0.989050030708313,"z":-0.02701728790998459,"w":0.14523208141326905},"size":11.817391395568848,"orthographic":false}