{"cameraMode":{"drawMode":0,"name":"Shaded","section":"Shading Mode"},"sceneLighting":true,"audioPlay":false,"sceneViewState":{"showFog":true,"showMaterialUpdate":false,"showSkybox":true,"showFlares":true,"showImageEffects":true,"showParticleSystems":true,"showVisualEffectGraphs":true,"m_FxEnabled":true},"in2DMode":false,"pivot":{"x":-26.805654525756837,"y":25.36287498474121,"z":33.838829040527347},"rotation":{"x":0.05209841951727867,"y":0.052054502069950107,"z":0.002745436504483223,"w":-0.9973803758621216},"size":55.77679443359375,"orthographic":false}