{"cameraMode":{"drawMode":0,"name":"Shaded","section":"Shading Mode"},"sceneLighting":true,"audioPlay":false,"sceneViewState":{"showFog":true,"showMaterialUpdate":false,"showSkybox":true,"showFlares":true,"showImageEffects":true,"showParticleSystems":true,"showVisualEffectGraphs":true,"m_FxEnabled":true},"in2DMode":false,"pivot":{"x":251.5536346435547,"y":102.00762939453125,"z":494.1399841308594},"rotation":{"x":0.008129576221108437,"y":0.9895353317260742,"z":-0.06182593107223511,"w":0.13017027080059052},"size":2.517820119857788,"orthographic":false}